iron_conc,silica_conc
66.91,1.31
67.06,1.11
66.97,1.27
66.75,1.36
66.63,1.34
66.85,1.15
65.76,2.76
65.89,2.65
66.68,1.7300000000000002
66.52,1.81
65.55,2.83
65.55,2.83
66.74,1.5
66.26,1.94
67.6,1.09
67.3,1.51
66.3,1.96
66.21,3.57
67.24,1.12
66.23,1.49
66.42,1.47
67.16,1.16
67.17,1.15
67.03,1.23
67.44,1.17
66.4,2.5
65.12,4.14
64.26,3.34
64.08,4.08
63.53,5.36
63.33,4.96
63.33,4.96
65.15,2.97
65.65,2.67
66.47,1.59
66.21,1.52
66.41,1.82
64.92,2.98
66.16,1.99
65.58,2.36
66.21,1.83
66.21,1.83
65.5,3.4200000000000004
64.56,3.86
64.56,3.86
62.95,4.97
62.83,5.06
64.72,3.51
64.29,3.62
63.62,4.92
65.87,2.13
65.16,2.77
65.87,2.03
65.92,2.12
65.9,2.4
65.78,2.43
65.15,2.99
62.95,5.04
63.83,4.71
64.11999999999999,4.226666666666667
64.4,3.76
64.1,3.55
64.29,3.0600000000000005
66.55,1.44
66.25,1.5900000000000003
66.92,1.52
66.17,1.96
67.11,1.9
67.11,1.9
66.29,1.09
67.22,1.0
66.97,1.0
66.24,1.04
67.04,1.25
66.42,2.46
66.44,2.67
66.61,1.95
65.85,2.4
66.5,2.03
65.94,1.7899999999999998
65.94,2.02
65.69,1.94
64.47,3.09
66.17,1.38
65.83,1.87
66.41,1.8600000000000003
66.23,1.27
65.49,1.9
65.62,2.48
65.15,3.01
64.98,2.9
63.56,4.17
64.59,3.88
63.99,4.3
64.07,4.08
64.03,3.5600000000000005
63.6,4.17
63.8,4.69
63.470000000000006,4.39
64.05,3.99
63.03,4.69
63.74000000000001,4.4
63.6,4.71
64.41,4.06
65.68,1.3
63.31999999999999,5.3
66.06,1.24
65.61,2.08
65.04,2.66
64.86,2.49
66.89,1.31
64.04,4.26
65.36,3.3000000000000003
65.64,3.11
64.84,3.28
64.63,3.77
65.0,3.4799999999999995
66.33,1.01
66.33,1.01
66.33,1.01
66.33,1.01
66.33,1.01
66.33,1.01
66.33,1.01
66.33,1.01
66.33,1.01
66.33,1.01
66.08,1.31
65.97,2.36
66.49,1.81
66.82,1.45
66.89,1.23
66.62,1.39
66.63,1.06
65.04,3.52
64.67,3.86
66.58,1.41
66.94,1.19
66.47,1.72
66.74,1.83
66.45,1.7300000000000002
66.62,1.41
66.61,1.7600000000000002
66.49,1.16
67.1,1.34
67.45,1.06
65.39,2.35
65.39,2.35
64.03,3.78
66.44,1.36
66.57,1.43
66.64,1.33
66.41,1.27
63.63,5.5
66.19,1.64
66.26,1.46
66.28,1.69
64.13,1.81
65.88,1.71
64.69,2.92
65.85,2.0
66.36,1.69
63.39,3.8
63.39,3.8
63.39,3.8
63.89999999999999,2.77
65.68,1.64
66.04,2.37
66.34,2.04
66.27,1.8
65.69,2.7
64.61,3.1
65.03,2.8
64.99,2.63
64.99,2.63
64.99,2.63
65.76,2.24
66.06,2.25
64.88,4.28
64.42,4.01
64.46,4.92
63.5,4.527683615819209
65.07,4.13
63.790000000000006,4.81
63.82,4.91
64.54,3.91
63.78,5.07
63.45,4.48
64.53,3.52
65.68,2.47
65.17,1.7800000000000002
66.49,1.91
66.34,2.26
66.92,1.02
67.44,1.06
67.44,1.06
67.44,1.06
66.9,1.44
65.91,1.6999999999999995
65.45,1.74
65.66,1.99
65.09,2.27
64.03,3.11
64.03,3.11
64.03,3.1099999999999994
64.03,3.11
64.03,3.1100000000000003
64.03,3.1099999999999994
64.03,3.11
64.03,3.11
64.03,3.1100000000000003
64.03,3.11
64.03,3.11
64.03,3.11
64.03,3.11
64.03,3.11
64.03,3.11
64.03,3.1100000000000003
64.03,3.11
64.03,3.11
64.03,3.11
64.03,3.11
64.03,3.11
64.03,3.1099999999999994
64.03,3.1099999999999994
64.03,3.1099999999999994
64.03,3.11
64.03,3.1100000000000003
64.03,3.11
64.03,3.1100000000000003
64.03,3.1099999999999994
64.03,3.1099999999999994
64.03,3.1100000000000003
64.03,3.11
64.03,3.11
64.03,3.1099999999999994
64.03,3.11
64.03,3.11
64.03,3.1099999999999994
64.03,3.1099999999999994
64.03,3.1100000000000003
64.396,2.9646666666666666
65.1205142857143,2.676742857142857
65.49,2.53
66.32,1.45
66.02,1.18
66.0,2.02
66.02,1.41
65.53,1.58
66.53,1.0
65.64,2.57
66.32,1.04
66.3,1.54
65.88,1.56
64.74,3.84
64.91,3.26
64.94,3.38
63.78,4.42
63.27,4.171899441340782
62.6,3.674632768361582
64.05393258426966,3.1785393258426966
65.5,2.93
64.86,3.96
66.04,2.36
66.07,1.96
64.05,3.86
65.04,2.88
64.92,4.15
63.38,5.4
63.04758426966292,5.182584269662922
62.3827374301676,4.7476536312849165
62.05,4.314606741573034
62.6,3.881508379888268
62.6,3.446888888888889
62.60000000000001,3.013370786516854
62.6,2.5794444444444444
62.6,2.144180790960452
62.6,1.7116949152542371
62.6,1.2773184357541898
66.53,1.06
66.09,1.26
66.56,1.21
65.76,1.28
66.29,1.5
65.86,1.65
65.81,1.74
66.06,1.8300000000000003
66.86,1.3
65.81,1.5
66.41,1.48
65.93,2.05
66.06,2.06
66.89,1.64
65.95,1.85
65.75,1.87
65.28,2.17
65.22,2.23
64.3,4.03
64.01,3.43
63.83,3.58
63.82000000000001,3.8
64.37,3.36
63.07000000000001,4.58
65.5,2.08
63.98,3.27
65.84,1.7
65.9,1.83
66.35,1.33
66.33,1.42
66.17,1.59
65.77,1.72
66.17,1.48
66.15,1.92
65.69,1.94
65.8,1.75
65.08,2.17
65.99,1.87
65.18,1.65
65.38,2.21
63.6,4.62
62.32000000000001,4.509438202247191
63.47,4.4
64.42,2.76
64.04,3.29
65.0,2.13
64.85,2.18
65.23,1.7100000000000002
65.15,2.31
64.89,2.45
65.3,1.4899999999999998
65.72,1.45
66.24,1.21
65.8,1.44
66.28,1.17
65.68,1.14
66.64,1.18
66.26,1.48
65.45,1.69
65.36,2.1
65.77,2.11
65.46,2.64
64.86,2.67
65.18,2.26
63.72,4.2
63.45,4.29
63.25,4.16
65.45,2.42
65.97,2.02
65.88,2.03
64.51,2.84
65.15,2.64
65.28,2.14
64.56,2.96
65.8,2.12
65.53,2.0
65.64,1.64
66.18,1.44
65.85,2.01
65.52,2.02
65.81,1.88
65.83,1.45
65.59,1.73
66.06,1.8400000000000003
65.16,1.95
65.15,2.07
64.45,3.04
64.95,2.65
65.67,2.31
65.26,2.52
65.5,2.36
63.94,4.06
63.37,4.26
63.95,3.26
64.20536312849163,4.14
64.46,2.59
64.76,2.0
62.87,5.31
63.00288888888889,5.305
63.26772727272728,5.3
63.5335593220339,4.6851977401129945
63.79697142857143,3.4798285714285715
63.93000000000001,2.87
64.5194350282486,2.411525423728813
65.1,1.96
64.17,3.11
64.23,2.57
65.23,2.24
64.73,3.65
64.92,2.74
65.95,1.6100000000000003
65.31,2.21
65.69,2.1
66.29,1.59
65.85,1.77
65.5,1.84
65.54,1.82
66.47,1.2
66.55,1.01
66.33,1.11
66.09,1.05
66.15,1.06
66.47,1.04
65.16,2.28
66.49,1.01
65.94,1.87
65.88,1.84
66.51,0.99
66.76,1.02
65.79,2.31
66.37,1.18
64.84,3.14
65.72,2.05
63.61999999999999,3.3100000000000005
65.91,1.39
65.26,2.23
65.56,2.36
65.79,1.85
65.61,1.64
66.14,1.31
66.39,1.08
66.67,1.08
66.5,1.05
67.05,0.95
65.25,2.9800000000000004
65.85,1.4
65.85,1.4
65.07,1.6399999999999997
64.84,3.1
66.1,1.39
66.15,1.7899999999999998
64.87,1.28
66.9,0.77
66.61,1.44
66.55,1.1
66.55,1.1
66.55,1.1
66.55,1.1
66.55,1.1
66.55,1.1
65.44,1.5700000000000005
65.97,1.5100000000000002
64.56,3.0
65.94,1.76
65.31,1.98
64.95,3.01
65.47,2.24
66.34,1.29
66.01,1.01
65.47,1.18
65.77,1.43
66.18,1.55
65.95,1.4699999999999998
66.01,1.41
65.62,1.89
64.66,2.9100000000000006
65.28,1.68
65.28,1.6799999999999995
65.28,1.68
65.28,1.68
65.28,1.68
65.28,1.68
65.28,1.68
65.28,1.68
65.28,1.6799999999999995
65.28,1.6799999999999995
65.28,1.6799999999999995
65.28,1.68
65.28,1.68
65.28,1.6799999999999995
65.28,1.6799999999999995
65.28,1.68
65.32502824858757,1.84728813559322
65.41486033519553,2.179553072625698
65.50494382022471,2.51247191011236
65.55,2.68
65.21994318181818,2.65
64.89,2.62
62.84,5.27
63.36,4.6450000000000005
63.88,4.02
64.48,3.87
64.71,2.49
65.02,2.22
63.72,4.04
65.9,1.5800000000000003
65.14,2.21
64.99,2.13
65.03,2.27
64.69,2.34
62.59,4.88
64.35,2.64
65.07,1.77
65.04,1.77
65.06,1.99
65.01,1.85
65.28,1.4499999999999995
65.05,1.63
65.5,1.5800000000000003
65.65,1.51
65.65,1.5699999999999998
64.86,2.29
64.62,2.59
65.68,1.52
65.38,2.63
64.1,3.3
64.16,3.53
64.07,3.6000000000000005
63.72999999999999,3.9700000000000006
64.89,2.78
65.72,1.94
64.82,3.32
64.54,3.0699999999999994
65.25,2.24
64.96,2.33
65.31,2.34
64.99,2.19
65.35,2.31
66.25,1.62
66.56,1.33
66.46,1.29
65.96,1.97
66.22,2.0
66.28,1.65
65.1,3.01
64.16,4.3
63.56056179775281,4.201516853932584
62.97,4.007709497206704
62.34,3.812777777777778
63.15899441340782,3.61731843575419
63.97,3.52
64.29,3.52
64.29,3.52
64.29,3.52
64.29,3.52
65.93,1.4
64.06,3.7
66.59,1.14
66.25,1.25
65.64,2.81
65.96,1.93
65.0,2.91
65.61,1.54
64.71,2.0
65.24,2.07
65.98,1.55
66.0,1.33
66.02,1.54
65.91,1.62
64.91,2.39
65.23,1.95
65.1,2.21
65.7,1.7199999999999998
64.22,3.45
65.12,2.17
64.86,2.8
65.33,1.78
64.99,2.18
65.66,1.62
65.31,2.07
64.83,2.26
65.1,2.67
65.42,2.45
65.57,1.94
65.08,2.77
64.37,3.15
63.63999999999999,2.61
63.93000000000001,3.8
64.97,2.25
64.34,3.66
65.11,2.46
65.07,2.47
65.52,1.89
65.76,1.17
64.89,2.17
65.77,1.3
64.01,1.31
63.970000000000006,2.9800000000000004
63.71,2.76
64.6,2.58
63.04,4.83
63.28,4.77
64.53,2.86
64.43,3.34
63.71,3.18
64.51,3.02
64.86,2.75
63.95,3.52
64.73,2.77
64.99,2.33
64.35,2.37
63.07000000000001,3.82
64.72,2.41
63.34,4.09
63.56,3.2700000000000005
63.49,3.43
63.36,4.12
64.84,2.41
63.85,3.3600000000000003
64.95,2.73
65.36,1.8600000000000003
65.45,1.58
65.0,1.61
65.39,1.45
65.31,1.28
65.37,2.48
65.72,1.48
65.87,1.97
65.1,2.3
65.57,1.68
64.6,2.58
64.91,2.38
65.38,1.5700000000000005
64.6,2.25
64.47,2.29
64.83,2.14
63.86000000000001,2.7
64.29,2.16
64.55,1.9
65.01,1.64
64.37,1.69
65.18,1.52
64.64,1.93
64.62,2.03
65.01,1.58
64.95,1.54
64.54,1.79
64.96,1.63
63.17,3.22
64.94,1.67
64.96,1.87
64.34,2.08
65.77,1.59
64.16,3.08
64.9,2.11
64.52,2.92
64.86,2.41
64.9,2.21
64.4,2.58
64.4,2.58
64.4,2.58
64.4,2.58
64.1,3.1899999999999995
65.24,2.11
64.76,2.25
64.84,2.1
65.1,1.92
64.81,1.87
64.89,1.55
65.01,1.66
65.02,1.42
65.02,1.42
63.14,3.65
63.13497175141243,3.65
63.12502824858757,3.6406214689265535
63.11497206703911,3.64
63.105,3.631833333333333
63.095027932960896,3.63
63.08500000000001,3.62308988764045
63.075,3.62
63.06502793296089,3.614413407821229
63.05497206703911,3.61
63.05,3.605625
63.032598870056496,3.6
62.9971186440678,3.596892655367232
62.96299435028249,3.59
62.92715909090909,3.588125
62.89279329608938,3.58
62.85731843575419,3.579441340782123
62.84,3.5699999999999994
64.93,3.5699999999999994
64.94,3.49
65.77,3.93
63.82,5.2
62.99,5.09
63.48,4.7
64.29,4.73
65.73,2.54
65.92,2.59
64.58,4.36
65.52,3.14
65.21,3.640000000000001
64.46,3.93
62.43,3.876571428571428
62.79457627118644,3.770564971751413
63.531123595505626,3.663539325842697
63.9,3.61
63.93999999999999,5.25
65.32,2.63
65.14,2.63
65.07,2.62
65.44,2.17
65.42,1.92
66.15,2.03
65.53,2.23
65.53,2.23
65.53,2.23
62.45,2.676388888888889
62.29,3.5670621468926558
62.84,4.44876404494382
63.49,4.9
64.56,3.26
64.51,3.41
64.18,3.85
62.3,4.15
64.05,4.45
63.5,4.17
62.68999999999999,4.94
62.31,4.591011235955056
63.28,4.24
64.93,2.83
64.57,2.6
64.16,3.73
66.38,2.23
65.13,3.64
65.46,3.38
64.04,3.73
64.09207865168538,3.692808988764045
64.19513966480447,3.618826815642458
64.29858757062146,3.544915254237288
64.40235632183908,3.4705172413793104
64.50477272727272,3.3971022727272726
64.60847457627119,3.323050847457627
64.7116091954023,3.24896551724138
64.81511363636363,3.1749431818181817
64.91814606741573,3.1011797752808987
65.0213407821229,3.0270391061452515
65.12488764044943,2.953202247191011
65.22804469273743,2.8791620111731846
65.3314606741573,2.8051123595505616
65.43491428571429,2.731142857142857
65.5379661016949,2.657175141242938
65.59,2.62
62.13,5.11
62.26254237288135,5.074350282485876
62.52743016759776,5.003128491620111
62.66,4.931966292134831
62.53410112359551,4.860842696629214
62.41,4.789887640449439
62.50916201117318,4.718882681564246
62.70664772727273,4.6477272727272725
62.903666666666666,4.576833333333334
63.10084745762712,4.505762711864406
63.2,4.47
62.93,5.4
62.83556818181818,5.325397727272727
62.74,5.25
62.83331460674157,5.225842696629214
63.02084269662921,5.177415730337079
63.20670391061452,5.12927374301676
63.39286516853933,5.0808426966292135
63.58011173184357,5.032346368715084
63.7664406779661,4.984237288135594
63.86,4.96
65.52,2.4
65.07,3.53
62.8,3.789887005649717
64.08,4.05
63.36999999999999,5.23
63.64,4.4
63.93000000000001,3.74
64.38,2.91
63.55,4.36
64.74,3.29
62.75,4.9
62.745027932960895,4.860335195530726
62.735028248587575,4.781016949152543
62.725,4.701666666666667
62.71494252873563,4.622241379310345
62.70502824858757,4.543163841807909
62.7,4.464022346368715
62.44,4.383965517241379
62.27,4.3053333333333335
62.41,4.226111111111111
62.3806432748538,4.146140350877193
62.32374301675978,4.067430167597765
62.26598870056497,3.98819209039548
62.20869318181818,3.908977272727273
62.18,3.829944134078212
64.83,3.79
65.25,3.09
66.56,1.27
65.86,1.4899999999999998
66.95,1.12
66.32,1.15
67.23,1.0
65.2,3.29
67.08,1.07
66.47,1.34
66.56,1.04
66.71,1.34
66.79,1.17
66.47,1.09
66.47,1.09
66.47,1.09
66.47,1.09
66.47,1.09
66.47,1.09
66.47,1.09
66.47,1.09
66.47,1.09
66.47,1.09
66.47,1.09
66.47,1.09
66.47,1.09
66.47,1.09
66.47,1.09
65.09,3.58
64.28,4.03
65.28,3.02
64.48,4.72
63.67,4.859497206703911
64.36,5.0
65.78,3.23
66.95,1.3
66.61,1.23
66.33,1.38
66.3,1.32
66.24,1.13
67.2,1.06
66.97,1.13
67.07,0.8800000000000001
66.69,1.11
67.0,1.06
65.98,1.1
66.56,1.23
66.86,1.18
65.46,3.2
64.67,3.71
65.74,2.12
65.6,2.12
64.88,2.85
64.9,2.69
66.3,1.8400000000000003
66.09,1.25
66.27,1.6399999999999997
66.48,1.24
66.29,1.56
66.32,2.08
65.14,2.96
65.3,2.14
65.37,2.47
65.6,2.07
66.17,1.92
65.48,2.33
63.58,4.6
63.79,4.42
63.290000000000006,4.76
62.79,5.1
63.61,3.34
64.36,3.03
64.02,4.28
63.75999999999999,3.83
65.38,2.18
66.62,1.17
63.98,3.3200000000000003
66.51,1.27
66.95,1.12
64.88,1.72
65.29,2.52
62.72,2.9724
62.537045454545456,3.87
62.35,4.7735754189944135
63.61,5.23
63.85,4.63
64.43,4.14
64.69,4.23
62.5,4.1658888888888885
63.0402824858757,4.038135593220339
63.58,3.910674157303371
63.47034090909092,3.782840909090909
63.36,3.6551977401129943
63.83,3.5270949720670397
62.3,3.399385474860335
62.83,3.272784090909091
62.25,3.1441111111111115
65.36,3.08
65.27,2.0
66.06,1.81
66.06,2.58
65.96,1.84
65.11,2.85
66.2,1.7
65.95,1.75
65.99,1.56
65.12,1.83
65.51,1.64
65.58,1.86
65.41,2.06
66.33,1.19
66.13,1.36
65.57,1.7599999999999998
64.86,2.79
65.26,2.52
65.01,2.74
64.17,3.01
64.6,3.33
64.5,2.28
65.46,2.41
65.66,1.69
66.04,1.43
66.49,1.09
66.64,1.15
66.38,1.26
66.06,1.35
65.38,2.7
65.89,1.7899999999999998
65.81,1.82
65.49,2.57
65.38,3.3600000000000003
65.3,2.93
64.86,2.66
65.03,2.47
65.4,1.89
64.78,3.01
64.43,2.76
64.94,2.24
64.78,2.55
63.84,3.77
64.33,4.02
63.7,4.03
65.17,2.58
65.56,2.16
65.25,2.22
65.88,1.87
65.49,1.99
65.65,1.83
64.73,2.76
65.22,2.72
65.21,2.54
65.84,2.0
65.67,2.06
65.6,1.99
65.04,2.890000000000001
65.23,2.04
65.7,2.19
66.17,1.77
66.12,1.46
66.38,1.29
65.7,2.2
65.79,2.38
66.35,2.13
65.37,2.34
64.84,3.34
64.74,3.42
64.28,3.96
63.24,4.82
64.14,3.83
64.98,2.9200000000000004
64.93,3.12
65.67,2.88
64.96,3.19
65.48,2.69
65.57,2.81
66.77,2.88
65.51,2.93
65.53,2.25
65.29,2.07
65.88,2.05
64.24,4.63
65.94,3.5
65.25,2.76
65.32,2.59
65.37,2.65
66.05,2.05
65.36,2.56
65.34,2.85
65.36,1.87
65.13,2.44
64.56,2.98
62.88,5.03
62.13,4.585977011494253
63.12,4.14
64.19,2.34
64.73,1.5900000000000003
64.71,1.9
64.26,2.25
64.7,1.99
64.75,2.28
64.81,2.3
64.59,2.34
64.31,2.38
63.9,2.36
64.47,2.49
64.83,2.64
64.29,2.71
63.86,3.85
63.40344632768362,3.856553672316384
62.50361581920904,3.872033898305085
62.05,3.8855
62.25107344632769,3.8999435028248586
62.64949438202248,3.914494382022472
63.04887005649717,3.9279661016949152
63.44937853107345,3.943502824858757
63.65,3.95
64.7,2.8
64.41,2.54
64.93,1.7899999999999998
65.37,1.67
65.43,1.49
65.72,1.96
66.4,1.5099999999999998
65.72,1.84
64.56,3.5200000000000005
65.5,2.41
65.01,2.59
63.760000000000005,4.01
64.56,2.83
64.78,2.92
64.52,3.4700000000000006
64.52,2.63
64.89,2.38
65.09,2.25
64.39,3.2100000000000004
64.29,3.4400000000000004
64.33,3.25
64.46,3.2299999999999995
63.45,4.3
62.17,3.9785795454545454
62.17,3.34225988700565
65.04,3.0200000000000005
64.47,3.53
65.39,2.18
66.19,1.83
66.11,2.01
66.28,1.83
65.92,2.13
65.84,2.03
65.83,2.03
64.72,4.72
64.1,4.503885714285714
62.51,4.068156424581006
64.32,3.850000000000001
64.21522727272726,4.658011363636363
64.11,5.47
64.11,5.47
64.95,3.62
65.16,4.04
64.18,4.54
63.98,4.485714285714286
64.77,4.43
65.55,2.07
65.73,2.27
63.6,4.06
64.4,2.85
64.23,3.33
64.51,2.33
64.12,3.04
63.19,4.55
63.78,3.59
63.8,4.19
63.67139664804469,4.248324022346369
63.41679775280899,4.3640449438202245
63.16028409090909,4.480511363636364
62.90455056179776,4.596516853932584
62.64870786516853,4.713258426966292
62.52,4.8293333333333335
62.32000000000001,4.945786516853933
62.35,5.06180790960452
63.76,5.12
62.78999999999999,4.989602272727272
63.84,4.86
62.99,5.2
64.25,3.15
64.4,3.41
63.97999999999999,3.37
63.92999999999999,3.640000000000001
64.66,3.04
64.5,3.1600000000000006
66.13,1.96
64.01,4.48
63.64999999999999,4.69
64.97,3.63
63.35,3.1786857142857143
65.88,2.73
65.11,3.54
66.31,1.9
66.31,1.5500000000000005
66.34,2.67
66.36,1.72
67.12,1.65
66.71,1.49
65.91,2.97
66.34,2.07
66.24,2.88
66.63,2.08
65.41,2.32
65.63,2.15
63.91,3.91
63.74,4.89
64.77,3.03
64.55,3.59
63.5,4.019829545454545
64.1,4.45
64.79,3.69
64.55,4.09
65.36,3.1100000000000003
64.51,3.4800000000000004
64.41,4.34
65.26,2.75
65.14,3.1
65.83,1.97
65.95,2.1
66.57,1.77
65.33,2.37
63.53,3.54
65.16,2.35
65.93,2.19
65.4,1.5399999999999998
64.56,3.82
62.72,4.35
63.74,4.76
64.75,3.66
65.07,2.8
63.61999999999999,4.2
65.74,1.98
64.62,2.75
64.01,3.49
64.28,3.17
64.67,3.29
63.59,4.12
64.2,4.4
65.77,2.97
66.34,1.87
67.13,1.38
66.79,0.85
66.94,1.24
66.33,2.0
65.14,3.17
64.77,3.17
64.64,2.22
62.56,3.768212290502793
63.42,5.32
64.06,5.05
64.45,4.29
63.78,4.560284090909091
63.78,4.83
63.43,5.51
63.8,4.11
62.92,4.64
62.120000000000005,3.349884393063584
65.15,2.09
64.8,2.52
65.55,2.32
64.38,3.82
64.96,2.4
65.75,2.22
65.47,1.85
65.22,2.09
64.77,2.73
63.06,4.77
62.87,5.03
62.87,5.03
62.87,5.03
62.87,5.03
62.87,5.03
62.870000000000005,5.03
62.870000000000005,5.03
62.870000000000005,5.03
62.870000000000005,5.03
62.870000000000005,5.03
62.870000000000005,5.03
62.870000000000005,5.03
62.870000000000005,5.03
62.87,5.03
62.870000000000005,5.03
62.870000000000005,5.03
62.87,5.03
62.87,5.03
62.87,5.03
64.09,4.15
64.42,3.75
64.42,3.75
66.33,1.31
66.59,1.39
65.91,1.34
66.15,1.04
66.34,1.53
65.73,2.5
65.31,3.5899999999999994
63.95,4.94
64.7,3.77
64.7,3.77
65.53,2.45
65.18,2.9
65.26,3.27
65.42,2.62
64.93,3.09
64.95,2.89
64.97,3.0500000000000003
65.93,1.87
66.28,1.85
65.44,1.99
66.76,1.73
66.44,1.77
66.0,1.9
66.36,1.69
66.36,1.16
66.5,1.32
66.19,1.42
66.07,1.6
66.58,1.19
66.1,0.94
66.35,0.95
66.18,1.07
65.95,1.26
66.4,1.34
66.22,2.03
65.34,1.8300000000000003
64.37,2.35
64.11,1.8
65.85,1.81
65.6,1.6
64.76,2.54
64.76,2.85
66.55,2.02
64.67,1.49
64.46,2.85
65.85,1.64
65.63,1.54
65.21,1.17
65.47,1.5500000000000005
64.9,1.65
65.38,1.6800000000000002
65.44,1.7300000000000002
65.7,1.77
66.31,1.31
66.19,1.13
65.68,1.95
65.07,3.3100000000000005
62.8,3.3302259887005654
62.61,3.370111111111111
62.53471590909091,3.410227272727273
62.38542372881356,3.45
62.31,3.4896629213483146
62.55,3.5297727272727277
63.42,3.569943502824859
62.38,3.6101129943502825
64.17,3.63
64.01,3.79
64.15,4.12
65.3,2.19
64.41,2.6
65.42,1.8600000000000003
64.59,1.8000000000000005
65.06,1.8000000000000005
64.93,3.41
64.38,1.65
66.68,1.29
66.04,1.28
65.27,1.75
65.54,1.3
65.42,1.65
65.03,1.66
66.82,1.91
64.87,2.03
64.67,2.29
64.07,2.68
64.36,3.41
65.55,2.26
63.47,2.73
64.48,2.5
64.78,2.36
63.23,4.63
63.22999999999999,4.04
63.75,3.61
63.3,4.3
64.12,2.71
63.9,3.41
64.62,2.28
62.38,3.14909604519774
64.17,4.03
63.22,4.94
63.11999999999999,5.03
62.60000000000001,3.86
62.77,5.05
62.76,4.9
65.41,2.24
65.45,1.96
64.39,2.49
63.84,3.1000000000000005
63.74000000000001,1.9
64.45,2.26
64.41,1.67
64.69,1.81
64.59,2.08
64.31,1.89
64.67,1.89
64.64,1.8400000000000003
63.89,1.82
64.41,2.2
65.07,2.1
65.65,1.71
65.33,1.02
66.42,0.99
65.22,1.15
65.32,1.12
65.0,1.14
65.21,1.25
63.76,1.88
63.97999999999999,2.09
64.35,1.7399999999999998
64.09,2.65
64.99,1.51
64.8,1.32
64.57,1.79
64.71,1.5500000000000005
64.66,1.6
64.60764044943821,1.6985955056179776
64.5030459770115,1.8948850574712643
64.3997191011236,2.089325842696629
64.29519553072626,2.285865921787709
64.19111731843576,2.4814525139664805
64.08698324022346,2.677486033519553
63.98254237288136,2.873446327683616
63.87883333333333,3.068611111111111
63.7745251396648,3.26463687150838
63.67061452513967,3.460055865921788
63.567028571428565,3.6550285714285713
63.46224719101124,3.851685393258427
63.41,3.95
64.12,3.6800000000000006
64.93,1.91
66.13,2.11
64.84,2.66
65.03,3.3399999999999994
64.13,4.3
66.31,1.29
65.54,2.96
65.68,2.06
65.47,2.59
65.78,1.71
63.47,4.79
65.82,2.02
65.16,3.8
66.22,2.19
65.97,2.09
66.22,2.08
64.88,3.1000000000000005
65.8,2.32
65.03,3.68
64.74,1.54
65.67,1.52
66.02,1.4699999999999998
65.65,1.97
65.37,2.53
64.98,2.35
64.24,3.82
63.07,4.599829545454546
63.14,5.38
62.86,5.155027932960894
62.83,4.7088636363636365
63.12778409090909,4.261306818181819
63.725842696629215,3.8118539325842695
64.32044444444445,3.365
64.62,3.140000000000001
64.13,4.51
66.07,3.4600000000000004
63.26,4.6
63.77,5.28
63.7038202247191,5.203033707865169
63.571777777777775,5.049222222222222
63.440056497175135,4.896045197740113
63.30788888888889,4.742222222222223
63.175828571428575,4.5884
63.043483146067416,4.434325842696629
62.91232954545455,4.281761363636364
62.78027932960894,4.127877094972067
62.64828571428572,3.9744
62.516420454545454,3.8208522727272727
62.45,3.6669714285714288
63.92,3.59
63.77000000000001,3.9700000000000006
63.085,3.817
62.4,3.512849162011173
64.33,3.36
64.68,2.77
64.97,2.28
64.91,2.54
65.09,1.82
64.46,1.29
64.63,1.24
64.75,1.16
65.38,1.2
65.24,1.03
64.44,1.04
64.79,1.06
64.95,1.02
64.66,1.22
64.98,1.43
64.56,2.15
64.46,1.95
63.18,3.1
64.03,4.53
63.11000000000001,3.17
63.0,3.42
64.04,2.28
62.61999999999999,3.37
64.2,1.93
63.09,2.81
62.83,2.32
64.76,1.73
64.04,3.04
65.78,1.33
64.56,1.63
64.99,1.19
65.61,1.5
64.74,1.41
64.17,1.6
65.07,1.06
64.78,1.71
65.17,1.43
65.33,1.33
65.53,1.44
65.52,2.29
64.43,2.75
63.44,4.17
62.31999999999999,4.89
62.45350282485876,4.823954802259888
62.7226404494382,4.6905617977528085
62.98789772727273,4.559147727272727
63.25581005586593,4.426368715083799
63.39,4.36
63.72,3.4300000000000006
63.8,3.72
64.77,1.63
64.77,1.63
64.77,1.63
64.77,1.63
64.89,1.4899999999999998
65.04,1.38
65.95,1.24
65.89,1.26
65.49,0.86
65.37,0.9200000000000002
65.53,1.05
66.14,0.85
65.58,1.4900000000000002
65.38,2.25
64.76,3.46
65.27,3.25
64.92,2.68
64.73,2.38
64.39,3.86
64.24,2.66
64.48,1.77
64.54,2.26
63.67,3.98
64.84,2.88
64.95,1.8
65.02,1.8000000000000005
63.88999999999999,2.99
64.97,1.41
65.22,1.24
65.41,1.05
65.62,1.16
65.89,1.11
65.31,1.31
66.44,1.03
65.97,0.99
64.62,1.55
63.72,3.2299999999999995
64.05556818181819,2.974659090909091
64.39,2.72
64.77,3.08
63.06,3.21
63.52000000000001,3.9300000000000006
63.64,2.56
63.86000000000001,3.3100000000000005
62.73,4.99
64.86,2.15
65.25,1.64
65.44,1.7
65.46,1.68
65.16,1.64
63.86999999999999,4.32
65.65,1.77
65.88,1.7
65.02,1.66
65.28,2.47
64.84,1.45
66.47,1.19
66.25,1.06
65.42,1.42
65.05,2.65
65.31,1.8400000000000003
65.73,1.74
65.42,1.45
64.72,1.9
64.72,1.9
64.72,1.9
64.72,1.9
64.72,1.9
64.72,1.9
64.72,1.9
64.72,1.9
64.72,1.9
64.72,1.9
64.72,1.9
64.72,1.9
64.72,1.9
64.72,1.9
64.24,4.24
64.33,4.09
63.41,5.08
63.470000000000006,4.21
65.85,1.69
65.91,1.32
65.88,1.3
65.48,1.18
65.73,1.2
66.2,0.97
65.09,0.97
65.76,1.0
65.18,1.04
65.37,1.14
65.62,1.21
65.16,1.4
65.02,1.5699999999999998
66.17,1.33
66.58,1.15
66.11,1.17
66.05,1.29
65.0,1.86
65.93,1.27
65.55,1.15
66.81,1.38
65.87,1.45
65.17,1.7300000000000002
65.68,1.3
66.2,1.49
65.3,1.41
64.72,1.6
65.63,1.25
65.26,1.46
66.12,1.36
65.73,1.56
65.14,1.43
64.43,1.69
65.72,1.5699999999999998
65.56,2.05
64.91,1.66
65.36,2.42
65.36,2.42
65.36,2.42
65.43,1.85
65.24,1.57
65.3,1.51
65.3,1.42
65.54,1.23
65.95,1.13
66.05,1.12
65.49,1.23
65.55,1.21
65.91,1.28
66.38,1.23
64.41,3.890000000000001
65.11,2.6
66.04,1.22
66.34,1.22
66.62,1.22
66.15,1.19
66.54,1.13
66.32,1.39
66.58,1.08
66.16,0.98
66.36,1.04
66.33,1.05
66.61,1.07
66.3,1.08
66.64,1.14
66.42,1.15
66.66,1.07
66.14,1.33
66.31,1.26
66.25,1.13
66.47,1.09
66.65,1.08
65.46,1.99
66.31,1.19
66.41,1.3
66.08,2.11
66.42,1.17
66.29,1.18
66.14,1.1
66.23,1.21
66.39,1.13
66.7,1.02
66.5,1.06
66.88,1.03
66.4,1.08
66.64,1.1
66.71,1.13
66.44,1.12
66.47,1.26
66.34,1.53
66.58,1.19
66.1,1.44
65.94,1.45
66.27,1.5299999999999998
66.4,1.47
66.09,1.5100000000000002
65.93,1.54
66.45,1.31
65.8,2.18
66.42,1.48
66.24,2.04
66.42,1.6
66.69,1.37
66.21,1.18
66.92,1.01
66.95,1.01
66.95,1.01
66.95,1.01
66.95,1.01
66.95,1.01
66.84,1.07
66.28,1.55
66.67,1.16
66.54,1.0
66.5,1.05
66.62,1.01
66.86,0.9300000000000002
66.53,1.19
66.46,1.01
66.13,1.32
67.17,1.18
66.66,1.18
66.64,1.23
66.51,1.55
66.87,1.12
66.46,1.39
66.64,1.05
66.91,1.17
66.75,1.15
66.45,1.2
67.09,1.08
67.09,1.07
66.96,1.05
66.61,1.0
66.44,1.15
66.6,0.99
65.81,1.06
64.79,1.65
65.28,1.6699999999999997
65.37,1.37
65.29,1.43
65.54,1.7
66.21,1.3
66.21,1.48
66.12,1.41
66.08,1.67
66.06,1.43
65.85,1.33
66.34,1.21
66.06,1.34
66.67,1.19
66.67,1.19
66.67,1.19
66.67,1.19
66.73,1.13
66.48,1.32
66.8,1.26
66.91,1.39
66.34,1.19
67.12,1.27
66.47,1.21
66.84,1.7199999999999998
65.53,2.02
65.79,2.03
65.66,2.06
65.71,2.41
66.47,1.77
65.47,1.66
64.46,1.73
65.08,2.1
64.88,1.21
64.62,1.5500000000000005
64.49,1.65
65.89,1.39
65.62,1.69
64.93,3.05
65.8,2.18
66.28,1.4
65.39,2.3
65.01,2.99
64.83,3.14
63.74,4.06
65.51,1.92
66.39,1.22
65.9,1.33
64.76,1.14
65.16,1.13
65.12,1.08
64.6,1.12
64.63,1.17
63.56000000000001,1.79
63.0,1.81
63.010000000000005,1.58
63.82,1.4800000000000002
62.96,2.2
62.6,1.94
64.3,2.26
64.37,2.05
64.82,2.81
66.1,1.36
65.78,1.15
66.13,1.04
65.76,1.88
66.3,1.01
65.43,1.33
64.69,1.64
66.33,1.7199999999999998
66.74,1.42
67.02,1.85
66.51,1.71
65.93,1.89
66.41,1.38
66.69,1.21
66.92,1.18
66.62,1.22
66.6,1.09
66.25,1.28
66.32,1.43
66.1,1.9
64.99,2.15
65.31,1.92
65.44,1.82
65.04,1.89
65.41,1.8
65.15,2.29
65.26,1.7199999999999998
65.56,1.7300000000000002
64.8,2.43
65.16,1.91
65.32,1.63
65.65,1.59
65.86,1.6599999999999997
65.97,1.74
66.59,1.24
66.34,1.13
66.16,1.09
66.47,1.1
66.81,1.22
66.46,1.38
66.49,1.47
66.47,1.6
65.71,1.4600000000000002
66.96,1.06
66.92,1.19
66.31,0.94
66.4,1.09
66.32,1.37
66.4,1.32
65.7,2.22
66.2,1.28
66.6,1.06
66.33,1.21
66.33,1.21
66.33,1.21
66.51,1.25
66.08,1.44
66.25,1.61
66.7,1.25
65.82,1.58
66.55,1.84
66.95,1.48
67.39,1.26
67.06,1.29
67.3,1.16
66.54,1.25
66.68,1.44
66.47,1.32
65.79,1.52
66.0,1.75
65.7,1.8400000000000003
65.36,2.01
63.75,4.95
65.27,3.02
66.03,1.6399999999999997
63.96000000000001,4.15
65.54,1.58
66.32,2.06
65.04,1.85
65.34,2.26
66.17,1.5
66.25,1.44
65.09,1.46
64.96,2.05
64.86,2.59
65.36,2.72
63.6,3.3399999999999994
62.16,3.4978857142857143
62.45348314606741,3.8143820224719103
63.03491428571429,4.129085714285714
63.61955056179776,4.445393258426966
64.20514124293786,4.762203389830509
64.78536312849162,4.92
65.08,2.05
64.15,1.59
64.75,2.05
64.87,2.9
64.21,2.28
64.63,2.48
63.97,2.29
64.68,1.87
63.68999999999999,3.96
65.33,1.57
65.02,1.63
64.68,1.71
64.88,1.72
64.89,1.74
65.02,1.7399999999999998
64.93,1.62
63.98,2.64
64.72,1.43
65.05,1.39
64.42,1.31
64.53,2.09
64.53,2.09
65.28,1.24
63.44,3.8
64.56,2.78
66.23,2.06
66.63,2.01
64.76,3.36
64.76,3.3599999999999994
64.76,3.3600000000000003
64.76,3.36
64.76,3.3599999999999994
64.76,3.36
64.76,3.3599999999999994
64.76,3.3599999999999994
64.76,3.3600000000000003
65.18,2.88
65.26,2.6
63.00999999999999,4.92
63.67,5.47
65.85,1.73
62.97,1.3500558659217876
66.0,0.97
65.8,1.01
66.59,1.06
66.02,1.2
65.85,1.06
67.17,1.01
65.34,1.0
66.1,1.29
66.97,1.06
65.78,1.17
66.56,1.15
66.25,1.25
65.78,1.12
66.22,1.19
65.77,1.4899999999999998
65.29,1.24
65.71,1.6100000000000003
66.2,1.19
65.73,1.36
66.02,1.64
65.6,1.7599999999999998
65.45,1.43
65.42,1.5700000000000005
64.29,1.6399999999999997
64.98,1.6
65.11,1.53
65.74,1.63
65.46,1.6
65.63,1.48
66.42,1.19
64.56,1.37
66.44,1.35
65.8,1.4700000000000002
65.74,1.64
65.59,1.9
65.88,1.69
65.72,1.92
65.82,2.16
65.29,1.8200000000000005
65.94,1.61
65.78,2.05
64.98,2.72
64.55,4.11
65.06,2.13
64.72,2.44
65.68,1.79
65.93,1.9
64.97,2.93
64.77,2.56
64.24,2.7
65.07,2.43
65.11,2.28
64.73,2.43
64.84,2.6
64.27,2.58
65.08,2.04
63.94,2.23
64.65,2.05
63.75,1.87
64.32,1.99
65.43,1.44
65.78,1.97
65.89,1.33
65.4,1.69
66.19,1.32
64.98,2.36
66.17,1.3
66.49,1.56
66.49,1.67
66.14,1.37
65.99,1.41
66.44,1.49
65.59,2.34
66.03,1.59
66.1,1.45
66.61,1.4699999999999998
66.0,1.67
64.35,3.1
64.9,2.66
64.25,3.42
64.34,2.77
64.81,2.44
65.35,1.83
66.42,1.4800000000000002
66.42,1.48
66.42,1.4800000000000002
66.03,1.51
65.29,1.88
65.34,1.93
65.59,1.92
65.52,1.88
65.44,1.95
65.63,2.16
64.91,2.9
65.32,2.33
65.79,2.1
66.07,1.73
66.07,1.46
64.91,2.44
65.75,1.95
65.53,1.6599999999999997
64.53,2.1
65.61,1.7399999999999998
64.24,2.87
64.67,2.57
64.47,2.18
65.61,1.82
65.89,2.03
63.29,4.28
65.14,1.81
64.31,2.43
65.35,1.81
65.07,1.53
65.21,1.88
65.41,2.1
64.17,2.54
65.73,1.7800000000000002
65.17,1.67
64.77,2.57
64.96,2.05
65.23,1.8300000000000003
64.97,1.7899999999999998
64.98,1.87
64.76,2.0
64.07,2.08
64.68,2.07
64.54,1.71
64.22,1.72
64.68,1.45
64.83,1.62
64.15,1.58
64.58,1.5700000000000005
64.12,1.92
64.11,2.44
64.82,1.99
64.67,2.15
64.36,1.85
64.86,2.14
65.13,2.04
64.23,2.2
64.46,2.0
64.16,1.99
63.99000000000001,2.73
63.43,2.65
62.33,4.93
62.31385474860336,4.9650279329608935
62.28158192090395,5.035028248587571
62.24849162011173,5.10486033519553
62.21625698324022,5.174804469273743
62.2,5.21
64.57,2.99
65.11,3.33
65.33,3.3200000000000003
65.53,3.01
64.73,2.72
64.73,2.72
65.26,1.94
65.26,1.94
64.92,1.6100000000000003
65.1,1.62
65.19,1.47
65.71,1.45
65.16,1.7
66.56,1.36
65.79,1.24
67.63,1.05
65.64,1.1
66.49,1.27
65.68,1.69
66.05,1.6100000000000003
65.7,1.5300000000000002
64.78,1.66
65.49,1.97
65.07,2.71
65.49,2.14
65.68,1.97
64.68,1.91
64.66,1.81
64.26,1.7199999999999998
64.57,1.64
63.84,1.7
64.16,1.89
64.5,1.92
64.35,1.75
64.73,1.47
63.62,2.09
64.07,2.45
64.11,1.7199999999999998
65.28,1.89
65.44,1.8000000000000005
65.39,2.28
65.41,1.65
65.4,1.7899999999999998
65.51,1.73
65.48,1.72
65.07,1.87
65.24,1.62
65.19,1.5300000000000002
64.78,1.7399999999999998
65.36,1.77
64.65,1.7100000000000002
65.11,1.6
66.92,1.1
65.29,1.4699999999999998
67.22,0.96
65.18,1.62
64.46,1.83
64.53,1.73
65.15,1.5800000000000003
65.24,1.7
65.46,1.56
66.16,1.24
65.63,1.44
65.73,1.35
65.72,1.37
65.5,1.42
65.72,1.47
65.19,1.38
65.69,1.39
66.1,1.39
66.12,1.57
66.06,1.7599999999999998
66.27,1.77
66.94,1.36
66.79,1.4600000000000002
66.1,1.45
66.44,2.32
65.72,2.44
65.81,2.22
66.06,1.98
66.26,1.94
65.05,2.39
65.27,2.28
66.14,2.07
65.43,2.01
65.48,1.72
65.0,1.87
64.88,2.2
65.04,1.93
65.21,1.66
65.38,1.41
64.62,1.91
65.03,1.56
65.47,1.76
64.82,1.18
65.21,1.13
65.05,1.21
65.47,1.34
64.35,2.08
64.25,2.3
64.23,2.32
63.94,2.15
64.53,2.15
64.85,2.14
64.66,2.43
63.9,3.23
65.37,1.87
65.61,1.87
64.25,2.32
65.53,1.44
65.04,1.68
65.28,1.79
64.81,1.48
65.16,1.7800000000000002
65.68,1.56
65.38,1.93
65.85,1.75
65.79,1.48
65.99,1.76
65.84,2.1
65.86,2.01
65.31,1.69
66.29,1.44
63.48,2.76
64.6,2.62
64.63,2.8
63.21,4.67
64.06,3.5600000000000005
63.88000000000001,3.640000000000001
63.61,4.32
64.13,3.63
63.86,4.19
65.25,2.59
65.95,1.16
65.95,1.16
66.24,1.39
65.72,1.65
65.65,1.5300000000000002
65.13,2.51
65.65,1.82
65.55,1.92
65.87,1.64
65.08,2.7
63.81022346368715,3.5098882681564243
62.540000000000006,4.32
62.17,4.77
62.45,3.84
62.62,4.88
62.78,4.13
64.5,2.39
65.7,2.0
65.16,2.76
65.65,2.01
65.3,2.22
65.56,2.17
64.97,2.64
65.15,2.48
64.26,4.14
64.6,2.67
64.44,3.14
65.62,1.96
63.98,2.23
64.84,2.81
65.49,2.36
65.89,1.59
64.47,3.44
65.98,1.44
66.34,1.16
65.33,1.7800000000000002
66.26,1.37
65.92,1.76
65.88,1.5800000000000003
65.42,1.98
64.99,2.4
64.99,2.4
64.99,2.4
64.99,2.4
64.99,2.4
64.99,2.4
64.99,2.4
64.99,2.4
64.99,2.4
64.99,2.4
64.99,2.4
64.99,2.4
64.99,2.4
64.99,2.4
64.99,2.4
64.99,2.4
64.99,2.4
64.99,2.4
64.99,2.4
64.8,2.68
65.57,1.6
65.82,1.57
66.02,1.56
66.01,1.68
66.01,1.68
66.01,1.6800000000000002
66.82,0.97
66.62,1.1
66.62,1.1
66.62,1.1
66.62,1.1
65.23,4.19
66.51,1.23
66.89,1.04
66.39,1.05
66.89,1.04
66.59,1.02
66.37,1.8
66.31,1.6800000000000002
66.89,1.1
66.22,1.98
66.94,1.15
66.35,1.2
66.04,2.19
67.17,1.0
67.18,1.1
66.95,1.09
65.93,1.7600000000000002
66.01,1.66
66.64,1.44
66.57,1.6399999999999997
65.11,3.53
65.39,3.1700000000000004
64.42,3.7
65.1,4.29
65.38,3.4200000000000004
66.0,2.59
66.19,2.43
65.83,2.56
65.88,1.86
65.86,1.69
65.85,1.49
66.13,1.29
65.81,1.24
65.28,2.78
65.5,1.33
64.44,3.27
64.75,1.62
63.93,3.21
64.34,3.09
65.49,1.81
65.74,1.7600000000000002
67.04,0.86
66.36,1.05
66.47,1.22
66.95,1.1
66.01,1.22
66.99,1.03
67.03,0.96
67.18,1.03
67.18,0.92
67.1,1.02
66.63,1.17
67.01,1.05
66.93,1.02
66.64,1.18
66.66,1.19
64.4,1.13
66.04,2.24
66.36,1.24
65.99,1.36
66.23,1.08
66.37,1.09
66.8,1.22
64.52,3.53
65.94,1.86
65.76,2.54
65.46,2.42
66.17,1.99
66.21,1.49
66.35,1.45
66.38,1.4
66.0,2.17
65.03,3.29
64.71,3.27
63.50999999999999,4.36
64.27,4.15
64.63,4.24
64.69,3.810000000000001
63.66,5.33
64.63,4.09
64.51797687861271,3.905028901734104
64.4,3.71
62.21,3.9883050847457615
63.042556818181815,4.548295454545454
63.88,4.83
64.98,3.26
65.42,2.61
65.97,1.69
64.28,3.17
64.44,3.12
66.24,2.06
65.55,1.63
66.27,1.42
65.75,2.04
65.15,3.11
66.07,2.17
65.12,1.95
64.96,1.94
65.7,1.88
65.52,1.64
65.43,1.63
65.59,1.74
66.04,1.61
64.14,2.63
64.19,2.59
65.16,2.02
64.66,2.59
64.24,3.25
65.0,2.5
65.61,2.02
66.11,1.43
63.72,3.0
64.21,3.1099999999999994
63.81,2.75
63.86,3.81
64.7,2.08
64.7,2.08
64.7,2.08
64.7,2.08
64.7,2.08
64.7,2.08
64.1,3.44
62.31999999999999,5.37
63.7,3.12
64.6,2.21
65.19,2.08
65.19,2.08
64.5,2.29
64.63,2.22
64.26,2.25
64.76,2.19
63.53999999999999,2.11
63.83,1.98
64.74,1.53
66.14,1.23
65.89,1.18
66.36,1.22
66.23,1.21
67.13,1.15
67.17,1.24
65.98,1.33
65.98,1.33
65.98,1.33
64.36,3.61
63.26,4.92
65.18,2.26
65.44,2.21
65.44,2.21
65.19,1.93
65.19,1.93
65.19,1.93
65.19,1.93
65.19,1.93
65.19,1.93
65.2,1.98
65.63,1.5900000000000003
66.11,1.31
66.12,1.24
66.11,1.74
64.98,3.21
65.45,1.66
65.6,1.29
66.14,1.46
65.96,1.12
66.44,1.61
66.44,1.61
64.82,3.1300000000000003
65.8,2.41
64.66,3.0
64.65,2.04
65.84,1.27
64.93,1.6699999999999997
64.93,1.41
65.46,1.76
64.98,1.9
65.57,1.71
62.81,4.07
65.65,1.82
65.52,1.83
65.26,1.88
65.79,1.8
65.27,1.13
65.83,1.33
64.61,3.06
65.83,1.5
65.99,1.38
64.96,2.4
65.8,1.85
64.19,2.67
64.41,2.87
65.24,2.5
64.21,2.31
65.19,1.83
65.47,1.7800000000000002
65.62,1.75
65.82,1.79
65.96,1.32
65.2,2.56
66.12,1.4
65.83,1.27
62.81,4.07
67.04,1.2
66.87,1.14
66.87,1.14
66.15,1.52
66.21,1.28
63.81000000000001,3.2
63.61,4.29
65.03,2.28
65.4,1.62
64.88,2.19
65.1,1.7899999999999998
65.32,1.78
65.87,1.19
64.94,2.4
66.45,1.17
65.79,1.26
64.11,3.25
64.0,3.1700000000000004
62.73,4.41
62.38,4.77
62.92,4.73
62.77,4.91
65.47,2.08
64.74,2.12
65.26,3.14
65.26,3.14
65.26,3.140000000000001
65.26,3.14
65.26,3.140000000000001
65.26,3.14
63.27,2.94
65.9,1.76
65.62,1.37
64.19,2.42
64.21,2.07
64.21,2.07
65.32,1.5500000000000005
65.85,1.46
65.12,1.28
65.12,1.28
65.68,1.11
66.15,1.01
66.03,1.33
66.16,1.19
66.16,1.19
66.16,1.19
67.31,1.54
66.62,1.54
65.79,1.96
63.67999999999999,3.69
65.58,1.15
64.71,1.59
63.7,3.46
64.89,1.64
64.8,1.6
65.42,1.4800000000000002
65.5,1.37
65.82,1.08
65.43,1.17
65.51,1.6699999999999997
65.89,2.17
65.65,1.6399999999999997
65.13,2.2
65.13,2.2
65.16,2.1
65.43,2.24
65.25,2.11
65.09,2.2
65.09,2.2
65.87,1.27
67.99,1.1
65.56,1.82
65.6,1.59
65.75,1.48
66.59,1.3
65.52,1.5300000000000002
64.43,1.96
64.98,1.7599999999999998
63.82,4.12
63.81999999999999,4.12
64.21,2.33
65.86,1.33
64.73,1.34
64.73,1.34
64.73,1.34
64.73,1.34
64.73,1.34
64.73,1.34
64.73,1.34
64.73,1.34
64.73,1.34
64.73,1.34
64.73,1.34
64.73,1.34
64.73,1.34
64.73,1.34
64.73,1.34
64.73,1.34
64.73,1.34
65.11,1.91
65.11,1.91
65.11,1.91
64.88,2.165027932960894
64.65,2.42
64.3,2.57
65.99,1.3
66.13,1.28
65.1,1.5300000000000002
64.82,1.16
64.38,2.62
65.84,1.12
65.84,1.12
65.34,2.13
65.71,1.86
64.76,2.01
65.12,1.87
65.64,1.5099999999999998
65.82,1.43
66.08,1.37
65.65,1.69
66.36,1.58
65.44,1.34
65.44,1.34
65.99,2.07
66.48,1.5
68.01,1.38
64.18,4.73
64.18,4.73
64.18,4.73
64.18,4.73
64.18,4.73
64.18,4.73
64.18,4.73
64.18,4.73
64.18,4.73
64.18,4.73
64.18,4.73
64.18,4.73
64.18,4.73
64.18,4.73
64.18,4.73
64.18,4.73
65.34,1.56
66.63,1.32
66.47,1.31
66.33,1.42
65.97,1.68
66.79,1.7800000000000002
66.33,1.67
66.33,1.6699999999999997
64.76,3.87
66.19,1.38
66.2,1.22
65.81,2.27
64.81,2.13
64.81,2.13
66.52,1.16
66.55,1.04
66.59,1.24
65.77,2.74
66.52,1.28
65.87,1.49
65.36,2.4
63.11,3.17
66.49,1.08
65.44,2.37
66.5,1.34
66.2,1.52
66.32,1.04
65.75,1.07
65.7,1.29
65.83,1.4499999999999995
65.59,1.33
66.1,1.3
65.07870786516854,2.834438202247191
64.05,4.38
64.05,4.38
66.76,1.37
66.45,1.23
66.65,1.18
66.77,1.26
65.79,1.26
65.52,1.37
65.06,2.24
65.7,1.05
65.16,1.36
65.3,1.42
65.08,1.39
65.34,1.6
65.62,1.05
65.72,1.73
66.29,1.11
66.31,1.28
66.16,1.04
66.3,1.13
65.97,1.23
64.96,1.21
66.41,1.16
65.94,1.34
65.96,1.42
65.24,1.4
64.65,1.88
64.9,1.23
66.48,1.12
65.64,1.26
65.41,1.27
65.79,1.04
65.19,1.21
64.87,1.03
65.59,1.07
64.8,1.4699999999999998
63.86999999999999,2.42
65.27,1.36
64.43,1.94
66.79,1.25
64.9,1.6599999999999997
64.42,1.82
64.76,1.93
64.71,2.06
63.99,3.48
62.92,3.86
64.15,3.17
63.89,3.02
65.09,2.23
66.31,1.39
65.72,1.31
66.38,1.1
66.54,1.24
66.1,1.12
65.32,1.27
65.39,1.08
64.8,3.55
65.13,1.05
64.06,1.28
65.89,1.2
65.82,1.41
66.05,1.4899999999999998
65.68,1.7399999999999998
66.02,2.32
66.42,1.04
66.31,1.17
66.21,1.13
66.46,1.07
66.71,1.02
66.43,1.0
66.8,0.98
65.94,2.97
66.4,1.29
66.12,1.22
65.62,2.05
65.66,1.01
65.64,1.64
66.41,1.14
66.26,1.03
66.17,1.0
66.23,1.11
66.04,1.09
65.63,1.19
66.2,1.25
65.24,1.24
65.41,1.23
65.41,1.23
66.48,1.01
66.57,0.96
64.95,2.31
63.66,1.81
64.32,1.63
64.84,1.62
65.0,1.41
65.21,1.59
64.53,1.66
65.74,1.4
66.05,1.29
65.79,1.29
65.93,1.08
65.74,1.02
65.84,1.23
65.66,1.7199999999999998
66.09,1.19
66.1,1.0
65.97,1.06
65.97,1.06
64.27,1.06
66.38,1.0
64.45,1.07
66.21,0.94
64.48,0.98
64.48,1.05
64.31,1.33
65.34,2.08
64.84,2.24
67.66,1.41
66.17,1.07
66.1,1.06
66.35,1.13
66.22,1.07
65.27,2.0
65.66,1.44
65.22,2.38
64.12,2.26
63.59,2.46
64.68,1.93
65.52,1.62
65.64,1.84
65.92,1.62
65.15,1.27
65.75,1.32
66.18,1.33
65.86,1.51
65.84,1.51
66.27,1.5300000000000002
66.24,1.62
65.68,2.88
64.05314285714286,3.524914285714286
62.43,4.8037430167597766
62.97999999999999,5.45
63.11,4.921675977653631
62.66,3.875227272727273
62.78,2.8182954545454546
65.45,2.29
66.05,1.7
65.46,1.62
65.99,2.08
65.0,1.8000000000000005
63.73,4.73
65.56,2.03
65.9,1.63
64.62,3.15
65.1,2.49
65.22,2.34
63.43,4.12
64.86,2.57
64.47,3.22
64.19,3.1
64.85,2.44
64.62,2.83
65.57,1.53
66.18,1.37
65.44,1.48
65.7,1.45
66.28,1.11
66.0,1.08
65.46,1.6999999999999995
65.21,1.88
65.24,1.7
65.43,1.71
65.92,1.42
65.69,1.44
65.09,1.9
64.71,1.82
65.37,1.37
65.03,2.55
65.68,1.5300000000000002
65.43,1.45
65.1,1.6399999999999997
65.45,1.4899999999999998
65.73,1.58
65.83,1.46
65.43,1.41
65.91,1.43
65.41,1.5
65.4,1.61
65.14,1.36
65.46,1.45
65.82,1.21
65.88,1.33
65.49,2.49
65.94,1.24
65.37,1.3
64.81,2.13
64.64,2.46
66.28,0.99
65.85,1.34
65.89,1.28
66.27,1.11
64.46,4.65
66.01,1.21
66.57,1.29
65.9,1.36
66.24,1.19
66.29,1.4
66.24,1.35
66.13,1.21
66.32,1.15
65.84,1.27
65.8,1.47
65.8,1.5399999999999998
65.48,1.58
66.07,1.39
64.56,2.01
66.2,1.32
66.2,1.32
66.2,1.32
66.25,1.52
66.4,1.59
67.36,1.32
66.3,1.31
66.16,1.44
66.3,1.28
66.23,1.73
66.27,1.24
65.17,1.83
65.52,1.56
65.62,1.4900000000000002
65.55,1.27
65.87,1.38
65.81,1.41
65.5,1.23
65.64,1.17
65.82,1.2
65.34,1.7199999999999998
63.78,1.98
63.58,4.32
63.55,4.55
66.05,1.36
66.03,1.37
65.48,1.64
66.1,1.56
66.23,1.5
65.63,1.52
66.09,1.14
66.1,1.14
65.44,1.52
65.15,1.84
65.54,1.98
65.46,1.5099999999999998
67.1,1.28
66.05,1.73
66.1,1.73
65.95,2.07
66.23,1.72
66.13,1.49
65.94,2.69
65.32,2.4
66.45,1.43
65.97,1.5699999999999998
65.35,2.26
66.01,1.85
66.94,1.92
66.5,1.26
66.4,1.38
66.54,1.23
66.52,1.12
66.69,1.28
66.97,1.22
66.74,1.25
66.2,1.33
65.87,3.25
65.75,2.34
66.0,1.25
63.64,3.71
65.38,1.93
65.87,1.89
62.86,5.5
63.91,4.04
63.92,3.6800000000000006
63.97011299435029,3.4494350282485877
64.02,3.22
64.52,1.86
65.3,1.6
64.43,2.06
66.0,1.5500000000000005
65.73,1.54
66.13,1.32
66.13,1.32
66.13,1.32
66.13,1.32
66.13,1.32
66.13,1.32
66.13,1.32
66.13,1.32
66.13,1.32
66.13,1.32
66.13,1.32
66.13,1.32
66.13,1.32
64.57,3.03
64.57,3.03
65.27,2.92
65.32,2.37
64.85,3.25
64.85,3.25
66.57,1.51
66.01,1.46
65.76,2.41
66.28,1.27
66.21,1.23
66.33,1.21
66.32,1.26
66.23,1.28
65.46,1.91
65.47,2.15
64.75,2.55
65.45,2.24
65.77,2.11
65.77,2.11
64.76,2.89
65.41,2.24
65.34,2.31
65.89,1.23
65.45,2.14
66.31,1.24
66.01,1.34
64.93,1.8
65.24,2.3
66.11,1.4900000000000002
64.77,2.08
65.24,2.09
65.27,1.93
65.96,1.66
65.22,1.78
64.96,2.11
66.0,1.68
63.98,3.47
64.45,2.87
64.36,2.85
63.27000000000001,3.2700000000000005
64.15,3.22
65.75,2.02
65.21,2.16
65.15,2.0
64.57,2.14
65.5,1.98
64.88,2.19
65.24,2.83
65.8,1.44
65.94,1.59
66.89,2.13
64.64,3.87
65.78,2.13
65.27,1.92
65.8,1.33
66.2,1.29
66.16,1.24
65.67,1.7799999999999998
66.55,1.2
66.46,1.31
65.47,1.69
65.19,1.69
65.47,1.65
65.87,1.5
65.45,1.54
65.62,1.8600000000000003
65.67,1.64
65.48,1.75
66.53,1.62
66.63,1.52
65.95,1.6
66.58,1.25
66.52,1.15
66.32,1.09
66.23,1.18
66.29,1.58
66.29,1.58
65.45,1.5
64.57,2.83
65.99,2.16
66.59,1.33
66.44,1.49
64.74,3.12
65.79,2.92
65.5,2.77
64.9,3.3199999999999994
64.71,3.72
64.76,3.78
66.53,1.56
66.22,1.6799999999999995
66.22,1.6800000000000002
66.22,1.68
65.57,2.05
65.5,1.57
65.88,1.21
65.31,2.01
66.01,2.17
66.33,1.82
65.07,2.25
65.59,2.03
65.44,2.21
65.93,1.54
65.92,1.6
65.22,1.84
64.95,2.03
65.09,2.05
64.95,2.19
65.23,2.19
65.16,2.2
65.01,4.64
63.25,4.89
63.36403409090909,4.633181818181819
63.59061797752808,4.12252808988764
63.81926966292135,3.607696629213483
64.04572222222222,3.0973888888888887
64.16,2.84
64.24,2.7
65.0,2.01
65.72,1.5800000000000003
65.18,2.02
64.49,3.14
65.03,1.66
64.67,1.79
64.21,3.12
65.21,1.87
64.21,2.03
64.42,2.15
65.65,1.44
64.98,2.16
65.76,1.7
65.68,1.7199999999999998
65.86,1.86
65.47,1.79
66.06,1.53
65.67,1.4800000000000002
65.44,1.42
66.59,0.97
66.12,1.13
64.82,3.71
65.6,1.99
65.03,1.68
65.12,2.07
65.95,1.04
65.76,1.84
66.43,1.02
65.78,1.16
65.74,1.23
65.09,2.09
65.43,1.37
63.99,2.07
63.92999999999999,2.1
64.92,2.09
64.92,2.19
65.29,1.85
65.71,1.44
65.13,3.15
65.01,2.63
64.86,2.61
65.45,2.55
65.94,1.31
66.32,1.26
65.88,1.12
65.33,2.83
65.92,1.37
65.0,1.7399999999999998
65.75,1.08
64.85,2.5
63.33,3.64
64.48,2.39
65.66,1.85
64.67,2.8
64.26,3.3
65.13,2.41
65.71,1.88
65.67,2.04
65.07,2.11
65.62,1.8600000000000003
64.78,3.23
65.94,1.88
64.35,3.49
65.02,2.2
66.0,1.44
65.75,1.61
65.91,1.39
65.9,1.6800000000000002
66.31,1.15
66.0,1.52
65.93,1.34
65.93,1.34
65.93,1.34
65.93,1.34
63.99,4.57
63.45,5.01
63.91865168539326,4.533820224719101
64.8538202247191,3.5835955056179776
65.32,3.11
65.3,2.35
65.75,1.57
65.75,1.57
65.75,1.57
64.9,3.82
64.62,4.55
66.07,2.97
64.94,3.3
63.1,5.2
63.85000000000001,4.33
63.19,5.49
64.31,4.09
64.27005649717513,4.172203389830509
64.19005617977528,4.33752808988764
64.10988636363636,4.502670454545455
64.03017045454546,4.667443181818182
63.99,4.75
63.68000000000001,5.53
62.36,5.51173184357542
62.32000000000001,5.475056179775281
63.3,5.43819209039548
63.16,5.42
63.15999999999999,5.42
66.03,1.52
65.92,1.57
65.56,1.36
65.92,1.52
66.03,1.61
65.6,1.73
65.76,1.6999999999999995
65.73,1.56
66.05,1.87
66.23,1.69
64.42,3.0
64.77,3.140000000000001
64.88,3.1899999999999995
65.9,2.99
65.28,2.97
66.45,2.99
65.47,2.67
65.02,2.9200000000000004
66.65,1.69
66.27,1.9
65.8,1.88
66.35,1.79
65.25,1.9
65.4,2.06
65.4,2.06
64.35106145251397,3.388659217877095
63.3,4.72
64.3,3.54
64.53,3.1099999999999994
64.31,3.19
64.12,3.1499999999999995
64.12,3.36
62.16,5.24
62.18,4.944078212290503
62.2,4.35376404494382
63.10022346368715,3.767709497206704
64.01,3.47
64.41,3.67
64.87,2.78
65.71,2.24
65.29,2.18
65.29,2.18
65.35,1.23
65.44,2.08
65.44,2.08
65.44,2.08
65.44,2.08
65.44,2.08
65.44,2.08
65.44,2.08
65.44,2.08
65.44,2.08
65.44,2.08
65.44,2.08
65.44,2.08
65.44,2.08
65.44,2.08
65.44,2.08
65.44,2.08
65.44,2.08
65.44,2.08
65.44,2.08
65.44,2.08
65.44,2.08
65.44,2.08
65.44,2.08
65.44,2.08
65.44,2.08
65.44,2.08
65.44,2.08
65.44,2.08
65.44,2.08
65.44,2.08
65.44,2.08
65.44,2.08
65.44,2.08
65.44,2.08
65.44,2.08
65.44,2.08
65.44,2.08
65.44,2.08
65.44,2.08
65.44,2.08
65.44,2.08
65.44,2.08
65.44,2.08
65.44,2.08
65.44,2.08
65.44,2.08
65.44,2.08
65.44,2.08
65.44,2.08
65.44,2.08
65.44,2.08
65.44,2.08
65.44,2.08
65.44,2.08
65.44,2.08
65.44,2.08
65.44,2.08
65.44,2.08
65.44,2.08
65.44,2.08
65.44,2.08
65.44,2.08
65.44,2.08
65.44,2.08
65.44,2.08
65.44,2.08
65.44,2.08
65.44,2.08
65.44,2.08
65.44,2.08
65.44,2.08
65.44,2.08
65.44,2.08
65.44,1.59
65.69,1.65
65.71,1.88
65.58,1.67
63.75999999999999,2.41
64.59,1.95
64.8,2.05
63.66,3.6800000000000006
62.88999999999999,3.84
62.2,4.0
62.41,4.33
62.34,5.13
62.2,4.96
62.58,4.63
62.55474576271187,5.42
62.53,5.42
62.54325842696628,5.337808988764045
62.5700558659218,5.175865921787709
62.59694915254237,5.013333333333334
62.61,4.851731843575419
63.42999999999999,4.77
64.24,4.4
64.23,4.32
63.23,5.35
63.31,4.19
65.39,2.05
66.9,1.75
66.06,1.24
65.58,1.39
66.02,1.25
65.28,1.95
65.08,2.0
65.8,2.01
65.09,2.17
64.38,3.4399999999999995
62.88,3.64
62.98391061452514,3.6449720670391055
63.19112359550562,3.655
63.39921348314606,3.6650561797752808
63.60655367231639,3.6750282485875703
63.71,3.68
62.77,5.39
62.36000000000001,3.03
65.08,3.13
64.31,3.07
65.08,2.65
65.34,2.1
64.21,3.88
64.45,3.64
65.55,2.15
65.62,2.0
65.61,1.62
65.46,1.69
64.73,2.41
64.66,2.54
64.94,2.41
64.56,2.53
64.96,2.36
64.21,2.52
62.67999999999999,4.52
62.13,4.366022727272727
63.11999999999999,4.063651685393259
62.8,3.91
63.84,3.05
64.54,2.44
62.95,3.38
64.55,2.47
63.84,2.54
64.48,2.32
64.23,2.63
64.7,1.97
64.8,2.24
65.19,1.73
64.71,2.37
65.11,1.7899999999999998
65.36,1.8
65.36,1.8
65.49,1.09
65.73,1.17
65.7,1.04
65.05,1.5500000000000005
66.14,0.8599999999999999
64.13,1.88
64.26,1.59
66.04,1.16
65.13,1.19
65.12,0.66
65.12,0.66
65.12,0.66
65.2,0.96
64.89,1.08
64.64,1.2
64.01,1.42
65.17,1.13
64.22,1.58
64.9,1.82
64.56,1.25
64.72,1.92
64.76,1.7
64.22,2.39
64.88,2.27
64.77,2.42
63.83,2.83
63.58,4.04
63.33,4.66
62.19,4.57
63.32,4.7
65.92,1.92
65.82,1.54
66.48,1.07
66.51,1.34
67.22,1.18
67.18,1.06
64.86,0.91
65.69,1.02
65.97,1.02
66.32,0.91
65.21,1.27
65.07,1.26
65.13,1.34
65.16,1.32
65.21,1.21
65.03,1.71
64.17,2.06
63.97,3.12
64.71,2.17
64.59,2.97
63.47,3.36
63.9,2.54
64.33,1.97
64.20827777777778,2.6417777777777776
63.96631284916201,3.9774301675977655
63.72383333333334,4.65
63.48189944134079,3.581620111731844
63.36,2.51
64.63,1.86
64.23,2.32
65.04,2.21
64.68,2.16
64.95,2.6
65.09,2.41
65.04,2.43
65.76,1.59
65.54,1.54
65.23,1.49
65.17,1.56
65.5,1.39
64.57,1.41
65.34,1.56
64.54,2.58
64.54,2.58
64.54,2.58
64.24,3.16
64.01,2.47
63.82095505617977,3.04
63.44272727272728,3.1
63.0665,5.52
62.6895,4.255
62.5,2.99
62.76,4.14
63.4,3.8
64.12,2.62
66.11,3.03
65.28,2.18
65.48,1.7200000000000002
65.59,1.66
65.78,1.41
65.87,1.4700000000000002
65.7,1.5700000000000005
65.67,1.56
65.93,1.33
66.45,1.05
64.88,2.87
64.86,1.71
66.07,1.22
64.87,2.29
65.75,1.27
65.38,1.44
65.52,1.22
64.67,2.0
66.21,2.05
64.75,1.82
65.22,1.66
66.02,1.68
65.27,1.87
65.4,1.8400000000000003
65.76,1.9
65.39,2.02
67.27,1.15
66.24,1.3
66.63,1.01
66.33,1.35
66.05,1.29
65.55,1.97
65.82,1.07
67.2,1.11
66.08,1.36
66.33,1.14
67.67,1.03
65.84,1.02
65.71,1.18
64.58,1.25
64.55,1.2
65.25,1.33
63.8,1.29
65.11,1.5099999999999998
64.87,1.25
65.28,1.42
64.78,2.29
65.13,1.92
65.75,1.31
66.09,1.25
65.61,0.74
66.57,0.6
66.78,0.75
65.68,1.15
67.19,1.4499999999999995
66.21,1.5900000000000003
65.64,1.44
66.04,1.43
66.34,1.17
66.03,1.16
67.05,1.3
64.9,1.88
66.25,1.69
63.72999999999999,2.82
64.49,2.44
63.21,2.95
64.04,2.95
64.2,2.85
64.0,2.59
65.02,2.47
64.35,2.49
64.46,2.64
64.72,2.72
65.28,2.65
65.09,1.79
65.57,1.69
65.99,1.94
65.12,1.7
66.19,2.04
65.74,1.41
65.77,1.61
66.2,1.39
66.24,1.28
66.36,1.21
66.38,1.25
66.15,1.08
65.34,1.11
66.91,1.07
65.23,1.07
65.71,1.15
64.38,1.5199999999999998
63.79,2.38
65.42,1.54
65.67,1.35
65.3,1.48
65.3,1.42
65.51,1.5700000000000005
64.67,1.86
65.01,2.61
64.98,2.64
65.14,2.28
65.21,2.21
65.21,2.21
65.21,2.21
65.21,2.21
65.21,2.21
65.21,2.21
65.21,2.21
65.21,2.21
65.21,2.21
65.21,2.21
65.21,2.21
65.21,2.21
65.21,2.21
64.87,1.7100000000000002
65.27,1.42
65.5,1.47
64.75,1.66
65.28,1.59
64.79,1.6799999999999995
65.17,1.8
65.75,2.56
64.83,1.96
64.45,1.72
63.91,2.47
64.14,2.28
64.48,2.74
64.22,1.46
64.04,1.41
65.74,1.5900000000000003
64.2,3.74
65.39,1.33
65.11,2.06
64.63,2.19
64.18,3.37
65.4,1.55
64.98,1.5699999999999998
65.27,1.49
65.27,1.35
65.88,1.16
65.13,1.24
65.35,1.17
66.26,1.49
65.02,1.37
65.79,1.14
65.17,1.7199999999999998
65.87,1.35
65.44,1.68
64.64,2.06
64.61,1.5100000000000002
65.11,1.9
64.74,2.1
65.35,1.13
65.13,1.13
65.55,1.26
65.26,1.19
65.26,1.19
65.26,1.19
65.26,1.19
65.26,1.19
65.26,1.19
65.26,1.19
65.26,1.19
65.26,1.19
65.26,1.19
65.26,1.19
65.26,1.19
65.26,1.19
65.26,1.19
65.26,1.19
65.26,1.19
65.26,1.19
65.26,1.19
65.26,1.19
65.26,1.19
65.26,1.19
65.26,1.19
65.26,1.19
65.26,1.19
65.26,1.19
65.26,1.19
65.26,1.19
65.26,1.19
62.28999999999999,5.27
64.53,2.47
64.81,1.8200000000000005
65.3,1.66
65.81,1.61
65.66,1.6699999999999997
64.98,1.7200000000000002
65.4,2.12
63.56,3.69
62.29,5.17
62.65,4.86
62.618764044943816,4.748258426966292
62.55657303370786,4.525617977528089
62.49359550561798,4.301685393258428
62.43142857142857,4.0792
62.36865168539326,3.8543820224719103
62.30681818181818,3.632954545454545
62.24367231638418,3.4083050847457628
62.181404494382015,3.1857865168539328
62.14999999999999,2.961797752808989
64.02,2.85
63.75,3.58
64.77,2.92
65.64,2.25
65.61,2.52
65.4,2.78
65.28,2.51
65.85,2.21
65.52,2.13
66.34,2.13
65.84,2.02
66.23,1.88
62.96,4.33
63.86999999999999,3.4799999999999995
63.95,3.49
63.9090395480226,4.500112994350283
63.82706214689265,5.53
63.74491525423729,5.4425423728813564
63.66269662921348,5.268876404494382
63.580888888888886,5.095444444444444
63.49864406779661,4.920847457627119
63.4173184357542,4.748379888268157
63.335,4.574555555555556
63.25284090909091,4.400397727272727
63.17142857142857,4.227371428571429
63.13,4.14
63.16,4.62
63.460625,4.379886363636364
64.05977401129944,3.900169491525424
64.6573595505618,3.421741573033708
64.96,3.18
64.18,3.66
66.11,2.16
65.64,2.3
64.85,2.02
65.29,1.7399999999999998
66.68,1.26
65.63,1.03
64.87,1.72
65.17,1.51
65.15,1.99
64.08,1.58
64.45,1.79
64.67,1.5099999999999998
64.68,2.17
64.69,1.87
65.41,1.33
65.8,1.2
64.8,1.24
64.72,1.17
64.63,1.25
66.96,0.84
65.6,1.17
65.89,1.01
65.97,1.0
65.44,1.93
63.78999999999999,4.35
62.86,4.25
63.8,3.87
63.56,4.57
65.57,1.89
65.06,1.6100000000000003
64.51,2.17
65.08,1.29
65.45,1.12
65.3,1.27
65.97,1.35
65.98,1.4
66.57,0.84
65.62,1.7800000000000002
67.07,1.15
67.11,1.12
66.37,1.06
65.8,1.25
66.19,1.4
67.03,0.94
65.77,1.43
66.52,1.11
65.77,1.14
65.3,1.19
65.43,1.26
64.7,1.5900000000000003
65.4,1.01
64.66,2.91
65.08,2.54
65.69,1.42
65.58,1.25
64.72,1.5099999999999998
65.33,1.02
64.49,1.6800000000000002
64.2,1.54
64.0,1.37
63.6,2.44
64.5,1.47
62.5,3.72
62.89,3.61
64.33,2.46
64.05,2.72
65.77,1.35
65.57,1.84
65.11,2.11
65.89,1.73
63.81000000000001,1.79
63.75,2.46
63.23,3.12
64.49,2.33
64.33,2.34
64.76,2.9200000000000004
65.3,2.57
64.45,1.84
64.65,2.46
65.34,1.33
65.15,1.23
65.07,1.41
65.87,1.25
65.48,1.21
66.04,1.23
65.73,1.39
65.3,1.36
65.5,1.42
65.52,1.13
65.06,1.23
65.72,1.47
65.61,1.66
65.93,1.37
65.78,1.31
65.46,1.36
64.82,1.6999999999999995
65.95,2.0
65.63,1.7899999999999998
63.99,2.68
64.8,2.93
65.63,2.2
64.87,1.79
63.77000000000001,2.27
64.56,2.12
64.75,1.79
65.13,1.38
64.66,1.27
65.28,1.03
64.98,1.2
65.02,1.44
65.96,1.26
63.43,4.13
65.52,1.4
64.79,2.28
65.3,1.31
64.18,1.56
65.12,1.34
66.25,1.38
66.34,1.27
67.62,0.8699999999999999
65.72,1.25
65.72,1.21
65.72,1.21
65.72,1.21
65.72,1.21
65.72,1.21
63.31,3.0
64.21,2.86
63.01,3.9
65.29,2.12
64.44,2.3
66.45,1.45
66.46,0.84
66.33,1.18
65.75,1.29
64.33,3.39
65.5,1.52
66.08,1.39
64.12,2.69
66.15,1.51
65.75,2.39
64.81,2.19
65.34,1.96
63.86,2.79
63.13000000000001,3.78
63.75,3.2200000000000006
65.67,2.41
64.99,2.51
66.59,1.9
65.93,1.7
66.63,1.28
66.46,1.24
65.73,1.5300000000000002
65.92,2.07
65.51,2.31
65.11,1.81
65.76,1.4900000000000002
66.61,1.08
65.99,1.04
65.79,1.44
65.44,1.14
64.99,1.26
64.92,1.15
64.98,1.2
65.41,1.26
64.72,2.54
66.43,1.14
64.95,1.67
66.36,1.69
65.53,1.59
65.27,1.45
66.18,1.42
66.13,1.5900000000000003
65.56,1.75
66.03,1.79
65.3,1.84
65.17,2.24
66.39,1.3
66.24,1.46
66.42,1.71
66.3,1.52
66.13,1.31
66.0,1.13
65.64,1.22
64.59,2.85
64.73,3.53
64.28,2.85
64.72,1.77
64.87,1.81
65.08,1.65
65.74,1.35
65.38,1.36
65.33,1.35
64.77,1.4
65.37,1.67
64.44,1.7699999999999998
64.9,3.09
65.86,2.28
65.82,2.39
63.47,5.53
62.89999999999999,5.346123595505618
62.5,4.978994413407821
63.60067796610169,4.614745762711864
64.71,4.43
64.52,4.71
64.26,3.29
62.77000000000001,4.07
63.19,3.66
62.88999999999999,3.77
62.71000000000001,4.06
63.49,4.05
62.83,3.95
64.2,2.55
64.84,2.82
64.72,2.58
63.39,3.62
63.57,3.87
63.56999999999999,3.87
63.57,3.87
65.82,1.63
67.09,1.29
65.67,1.58
65.76,1.57
64.27,2.85
65.03,2.04
64.5,2.09
63.39,3.0700000000000003
63.35,3.89
63.61,2.97
63.17999999999999,4.68
64.86,2.72
63.25999999999999,4.04
62.94,4.99
63.42999999999999,5.08
64.15,4.26
62.67,4.43
62.72128491620112,4.445921787709498
62.82251396648044,4.477374301675978
62.92401129943502,4.5089830508474575
63.02575418994414,4.540949720670391
63.12796610169492,4.572768361581921
63.22915254237288,4.604237288135593
63.28,4.62
62.63,5.06
64.86,3.5
62.57,4.61
62.62,4.14
63.39,4.07
62.22999999999999,4.79
62.66,3.88
62.721250000000005,3.908011363636364
62.84320224719101,3.964213483146068
62.96474576271186,4.019887005649718
63.086553672316384,4.075649717514124
63.20876404494382,4.132022471910112
63.27000000000001,4.16
64.9,2.49
65.21,2.67
62.64999999999999,4.07
64.12,2.38
65.19,1.26
64.32,1.7600000000000002
64.33,1.89
65.81,1.31
65.36,1.4699999999999998
64.62,2.09
65.15,1.29
63.92,2.77
64.61,1.63
65.24,1.5300000000000002
65.04,1.54
65.13,1.97
64.53,2.14
64.38,2.54
64.13,2.57
63.55,3.53
63.47,4.12
63.98,3.66
63.81000000000001,4.96
63.94533333333333,4.897444444444444
64.21426136363635,4.7727272727272725
64.35,4.71
63.83,4.18
64.38,3.18
65.37,1.4
66.28,0.94
66.15,1.58
63.5,3.75
63.82,3.2
63.26,2.55
63.94,2.58
62.98,2.69
64.82,1.84
64.59,2.3
64.2,1.72
64.24,1.41
64.24,1.41
62.68999999999999,5.3
65.29,2.94
65.65,1.96
66.81,1.24
65.51,1.6
65.69,1.15
65.41,1.94
66.36,1.65
63.82000000000001,4.39
62.26,4.539772727272728
62.33,4.841022727272727
62.16,5.139269662921348
62.65,5.29
64.73,2.94
63.44,3.98
63.17,4.44
65.31,2.47
63.78,2.15
66.03,1.25
65.45,1.24
65.76,1.22
66.19,1.33
64.92,1.73
65.54,1.31
64.54,1.51
64.8,1.41
64.5,1.42
65.13,1.07
65.01,1.0
65.04,1.09
65.0,1.22
64.2,1.57
62.52,3.47
62.38000000000001,4.44
63.41252808988765,4.69
64.44,2.01
64.29,2.31
63.3,3.03
62.46,3.71
62.36,3.93
62.44,3.47
63.09,3.16
63.16,2.58
62.81,3.95
64.59,1.96
64.93,1.66
64.83,1.76
64.69,3.0200000000000005
64.86,2.7
64.64,2.25
64.0,3.49
62.79,4.77
63.470000000000006,3.93
62.63,4.87
63.5,4.68
63.38,3.83
63.15,3.74
63.2,2.73
64.12,2.72
63.65,3.0
64.21,2.83
64.21,2.83
64.21,2.83
63.85,2.14
63.83,2.71
63.61999999999999,2.7
64.42,2.47
64.47,2.9
64.25,2.3
63.82,2.25
64.5,2.08
64.26,2.63
64.82,2.41
62.22,4.89
62.56999999999999,4.08
62.2,4.89
62.19106145251397,4.860446927374301
62.17331460674158,4.8020786516853935
62.15502824858756,4.743615819209039
62.13666666666667,4.685084745762712
62.11893854748603,4.6265363128491614
62.11,4.567909604519774
63.0,4.509553072625699
63.0,4.4512
63.0,4.392556818181818
63.0,4.334111111111112
63.0,4.275444444444444
63.0,4.216944444444445
63.0,4.158444444444444
63.0,4.1
63.0,4.041620111731843
63.0,3.983055555555556
63.0,3.924555555555555
63.0,3.865888888888889
63.0,3.8075418994413406
63.0,3.748944444444444
63.06711864406779,3.690564971751413
63.20193181818181,3.631875
63.33575418994413,3.5735754189944133
63.4708,3.514628571428571
63.60380681818182,3.456534090909091
63.73853932584269,3.397808988764045
63.872696629213486,3.339325842696629
63.94,3.31
63.99,3.11
64.27,3.5699999999999994
63.86,4.11
64.17,2.8
65.08,2.59
65.67,1.64
65.16,1.83
65.04,1.8200000000000005
65.35,1.73
65.94,1.3
64.94,1.6
65.39,1.29
66.04,1.4899999999999998
64.98,1.71
65.02,1.7800000000000002
65.0,1.78
64.05,2.99
64.51,2.74
64.5,2.48
65.3,2.24
65.93,1.5
65.15,1.7
65.6,1.84
65.61,1.7
63.45,3.01
64.8,2.57
64.42,1.7600000000000002
65.8,1.49
66.12,1.4899999999999998
64.73,1.54
64.66,1.5699999999999998
64.72,2.41
65.96,1.85
65.11,2.23
64.62,2.47
64.06,2.66
63.93999999999999,2.46
64.69,1.98
65.09,2.15
64.92,1.9
64.97,2.05
65.42,1.7200000000000002
65.78,1.44
66.19,1.36
66.23,1.21
65.7,1.26
66.15,1.66
65.51,1.91
65.04,2.22
65.91,1.77
65.83,1.6100000000000003
66.27,1.74
65.26,1.99
65.15,1.7899999999999998
64.53,2.53
64.89,2.05
64.9,1.65
65.61,1.42
65.57,1.65
65.08,2.13
64.96,1.84
64.73,2.4
65.48,1.56
65.22,1.25
65.12,1.33
64.91,1.5
63.91,2.94
63.53999999999999,4.1
65.01,1.57
63.0,4.18
63.470000000000006,3.24
64.86,2.34
64.03,3.07
63.68999999999999,3.12
63.49,3.26
65.0,1.93
64.17,2.23
64.4,2.15
65.26,2.3
65.74,2.27
65.2,1.7
64.06,2.52
64.53,2.45
64.3,2.87
62.47,2.46
64.25,2.36
64.22,2.74
64.65,1.83
65.05,1.65
64.83,1.71
64.29,1.8
64.25,1.96
64.27,1.71
